{"cameraMode":{"drawMode":0,"name":"Shaded","section":"Shading Mode"},"sceneLighting":true,"audioPlay":false,"sceneViewState":{"showFog":true,"showMaterialUpdate":false,"showSkybox":true,"showFlares":true,"showImageEffects":true,"showParticleSystems":true},"in2DMode":false,"pivot":{"x":-0.24027955532073975,"y":0.05959208682179451,"z":-0.03540535271167755},"rotation":{"x":-0.1002068743109703,"y":-0.04953368008136749,"z":0.0049952236004173759,"w":-0.9937225580215454},"size":0.12708063423633576,"orthographic":false}