{"cameraMode":{"drawMode":0,"name":"Shaded","section":"Shading Mode"},"sceneLighting":false,"audioPlay":false,"sceneViewState":{"showFog":true,"showMaterialUpdate":false,"showSkybox":false,"showFlares":true,"showImageEffects":true,"showParticleSystems":true},"in2DMode":false,"pivot":{"x":-0.008855082094669342,"y":0.008857766166329384,"z":-0.004097703844308853},"rotation":{"x":0.14667949080467225,"y":-0.3545326590538025,"z":0.05641835927963257,"w":0.9217430353164673},"size":0.03149488568305969,"orthographic":false}